Var1,no,yes,percent_travelled
Lindi,967,128,11.689497716894977
Mara,1592,74,4.441776710684274
Morogoro,3441,203,5.5708013172338084
Mtwara,412,28,6.363636363636363
