Year,Intradermal,Intramuscular,Total,Intradermal_p,Intramuscular_p
2018,666,32,698,95.41547277936962,4.584527220630372
2019,812,291,1103,73.61740707162284,26.382592928377154
2020,463,627,1090,42.477064220183486,57.52293577981651
2021,453,282,735,61.63265306122449,38.36734693877551
2022,965,742,1707,56.5319273579379,43.4680726420621
2023,773,407,1180,65.5084745762712,34.49152542372882
2024,557,521,1078,51.66975881261595,48.33024118738404
