Var1,no,yes,perc_available
Lindi,20,1184,1.6611295681063125
Mara,189,1873,9.165858389912707
Morogoro,164,4070,3.8734057628719882
Mtwara,28,482,5.490196078431373
